,0
0,https://www.bloomberg.com/news/articles/2023-03-22/evergrande-s-electric-car-unit-may-shut-down-without-new-funding
1,https://www.bloomberg.com/news/articles/2023-03-23/tesla-started-a-price-war-in-china-s-car-market-that-may-destroy-some-automakers
2,https://www.bloomberg.com/news/articles/2023-03-22/can-us-guarantee-all-bank-deposits-why-fdic-is-considering-raising-the-limit
3,https://www.bloomberg.com/news/articles/2023-03-22/billions-of-ev-battery-dollars-teeter-as-us-finalizes-biden-climate-law
4,https://www.bloomberg.com/news/articles/2023-03-22/tesla-prepares-its-latest-page-turner-proxy-with-eyes-on-elon-musk
5,https://www.bloomberg.com/news/articles/2023-03-22/snap-can-t-count-on-a-tiktok-ban-to-ease-growth-woes-tech-watch
6,https://www.bloomberg.com/news/articles/2023-03-22/ford-f-prepares-to-reveal-losses-from-its-ev-business
7,https://www.bloomberg.com/news/articles/2023-03-22/china-s-nio-very-confident-of-reaching-sales-target-cfo-says
8,https://www.bloomberg.com/news/videos/2023-03-21/why-elon-musk-is-a-big-headache-for-biden-video
9,https://www.bloomberg.com/news/newsletters/2023-03-21/the-met-louise-casey-stormont-brake-partygate-the-readout
10,https://www.bloomberg.com/news/articles/2023-03-21/electric-vehicle-batteries-of-the-future-may-be-lithium-less
11,https://www.bloomberg.com/news/newsletters/2023-03-21/elon-musk-s-business-empire-may-put-him-out-of-washington-s-reach-big-take
12,https://www.bloomberg.com/news/newsletters/2023-03-21/guarantee-the-bloomberg-open-americas-edition
13,https://www.bloomberg.com/news/newsletters/2023-03-21/a-mug-shot-may-become-donald-trump-s-2024-campaign-image
14,https://www.bloomberg.com/news/newsletters/2023-03-21/at1-respite-the-bloomberg-close-asia-edition
15,https://www.bloomberg.com/news/articles/2023-03-21/europe-extends-car-sales-growth-streak-to-seven-months-as-evs-gain
16,https://www.bloomberg.com/news/newsletters/2023-03-21/exposure-fallout-the-bloomberg-open-europe-edition
17,https://www.bloomberg.com/news/articles/2023-03-20/china-s-ev-revolution-shows-grim-future-for-japan-s-car-titans
18,https://www.bloomberg.com/news/features/2023-03-21/how-buying-twitter-made-elon-musk-one-of-joe-biden-s-biggest-headaches
19,https://www.bloomberg.com/news/articles/2023-03-21/former-tesla-australia-boss-avoids-jail-after-insider-trading
20,https://www.bloomberg.com/news/articles/2023-03-20/tesla-tsla-vision-of-electric-cars-without-rare-earths-to-spur-magnet-race
21,https://www.bloomberg.com/news/newsletters/2023-03-20/both-xi-and-putin-stand-to-gain-from-their-moscow-meeting
22,https://www.bloomberg.com/news/articles/2023-03-17/china-tech-giants-earnings-under-spotlight-after-svb-turmoil
23,https://www.bloomberg.com/news/articles/2023-03-20/mini-nuclear-reactor-firm-newcleo-starts-to-raise-1-billion
24,https://www.bloomberg.com/news/articles/2023-03-18/trump-arrest-claim-draws-allies-to-his-side-as-2024-bid-heats-up
25,https://www.bloomberg.com/news/articles/2023-03-19/vw-plans-ev-for-less-than-20-000-brand-boss-tells-magazine
26,https://www.bloomberg.com/opinion/articles/2023-03-19/elon-musk-s-texas-utopia-is-another-tycoon-cliche
27,https://www.bloomberg.com/news/newsletters/2023-03-18/bloomberg-weekend-reading-fed-weighs-banking-chaos-agasint-inflation
28,https://www.bloomberg.com/news/articles/2023-03-18/audi-ceo-seeks-to-catch-up-in-china-in-test-of-germany-s-grit
29,https://www.bloomberg.com/news/newsletters/2023-03-17/bloomberg-evening-briefing-international-criminal-court-calls-for-putin-arrest
30,https://www.bloomberg.com/news/articles/2023-03-17/transcript-what-the-boom-in-zero-day-options-means-for-stocks
31,https://www.bloomberg.com/news/articles/2023-03-17/xpeng-s-loss-widens-and-sales-outlook-dims-with-48-drop-seen
32,https://www.bloomberg.com/news/articles/2023-03-16/boeing-and-airbus-search-for-highly-skilled-talent-for-aviation-jobs-in-india
33,https://www.bloomberg.com/news/articles/2023-03-17/musk-ran-sweaty-tesla-shop-in-massachusetts-fired-manager-says
34,https://www.bloomberg.com/news/articles/2023-03-16/last-hurdle-for-ev-america-is-clean-batteries-getting-warmer-with-kal-penn
35,https://www.bloomberg.com/news/articles/2023-03-16/tesla-turns-twitter-into-44-billion-communications-apparatus
36,https://www.bloomberg.com/news/articles/2023-03-16/investors-reward-pdd-pdd-for-snatching-crown-in-china-online-price-war
37,https://www.bloomberg.com/news/newsletters/2023-03-16/supply-chain-latest-us-importers-bore-cost-of-trump-s-china-tariffs-itc-says
38,https://www.bloomberg.com/news/newsletters/2023-03-16/eu-s-bid-for-clean-tech-crown-sparks-doubts
39,https://www.bloomberg.com/news/newsletters/2023-03-15/bloomberg-evening-briefing-panicky-markets-turn-on-embattled-credit-suisse
40,https://www.bloomberg.com/news/articles/2023-03-15/tesla-accused-in-consumer-suit-of-monopolizing-repairs-parts
41,https://www.bloomberg.com/news/articles/2023-03-15/vw-shows-25-000-ev-to-compete-where-tesla-has-left-an-opening
42,https://www.bloomberg.com/news/articles/2023-03-15/vale-is-said-to-weigh-ipo-of-metals-unit-after-sale-of-10-stake
43,https://www.bloomberg.com/news/newsletters/2023-03-15/how-russia-built-a-secret-pipeline-for-years-to-ensure-chip-supply-big-take
44,https://www.bloomberg.com/news/articles/2023-03-15/vw-gets-ready-to-reveal-a-people-s-car-for-the-electric-age
45,https://www.bloomberg.com/news/articles/2023-03-15/why-self-driving-cars-may-never-be-reality-big-take-podcast
46,https://www.bloomberg.com/opinion/articles/2023-03-15/go-ahead-america-give-european-companies-billions-in-green-subsidies
47,https://www.bloomberg.com/news/articles/2023-03-14/left-s-citron-deletes-old-tweets-citing-trolls-and-lawsuits
48,https://www.bloomberg.com/news/articles/2023-03-14/gm-leaders-say-tesla-s-driver-assist-branding-confuses-consumers
49,https://www.bloomberg.com/news/articles/2023-03-14/ev-production-is-slowly-catching-up-to-demand-in-north-america
50,https://www.bloomberg.com/news/articles/2023-03-14/pete-buttigieg-talks-tesla-autopilot-and-electric-vehicle-charging
51,https://www.bloomberg.com/news/videos/2023-03-14/vw-s-ev-efforts-get-180-billion-spending-boost
52,https://www.bloomberg.com/opinion/articles/2023-03-14/your-next-porsche-will-be-really-expensive
53,https://www.bloomberg.com/news/articles/2023-03-14/vw-swings-180-billion-spending-plan-further-to-new-technology
54,https://www.bloomberg.com/news/articles/2023-03-13/tesla-autopilot-doesn-t-live-up-to-its-name-buttigieg-says
55,https://www.bloomberg.com/news/articles/2023-03-13/elon-musk-s-planned-texas-fiefdom-is-a-billionaire-tradition
56,https://www.bloomberg.com/news/articles/2023-03-13/catl-s-ev-battery-dominance-shouldn-t-cause-xi-undue-worry
57,https://www.bloomberg.com/news/articles/2023-03-13/carmaker-s-1-5-million-internet-troll-fighting-plan-backfires
58,https://www.bloomberg.com/news/articles/2023-03-11/vw-ceo-s-berlin-ipo-summit-leaves-attendees-guessing-on-strategy
59,https://www.bloomberg.com/news/articles/2023-03-10/solar-firm-sunrun-slumps-most-in-nine-months-on-svb-exposure
60,https://www.bloomberg.com/news/articles/2023-03-10/short-bets-on-cathie-wood-s-arkk-jump-to-fresh-record-as-rate-hike-fears-grow
61,https://www.bloomberg.com/opinion/articles/2023-03-10/howard-schultz-s-halo-slips-in-starbucks-union-battle
62,https://www.bloomberg.com/news/articles/2023-03-10/lordstown-ride-founder-sold-59-million-stock-before-electric-truck-stalled
63,https://www.bloomberg.com/news/articles/2023-03-10/great-wall-latest-chinese-automaker-to-embrace-green-car-future
64,https://www.bloomberg.com/news/articles/2023-03-10/vinfast-ev-production-in-us-now-not-expected-to-start-until-2025
65,https://www.bloomberg.com/news/articles/2023-03-10/mitsubishi-motors-plays-catchup-with-plans-to-electrify-fleet-by-2035
66,https://www.bloomberg.com/news/articles/2023-03-10/7-stunning-island-hotels-around-the-world-opening-in-2023
67,https://www.bloomberg.com/news/articles/2023-03-10/china-ev-stocks-slip-as-automakers-continue-to-mark-down-prices
68,https://www.bloomberg.com/news/articles/2023-03-10/harris-to-host-executives-workers-as-white-house-courts-labor
69,https://www.bloomberg.com/news/articles/2023-03-09/tesla-begins-hiring-for-mexico-plant-as-amlo-meets-executives
70,https://www.bloomberg.com/news/articles/2023-03-09/why-doesn-t-austin-have-more-affordable-housing
71,https://www.bloomberg.com/news/articles/2023-03-09/tesla-supplier-catl-smashes-profit-estimate-as-ev-sales-soar
72,https://www.bloomberg.com/news/articles/2023-03-09/bmw-earnings-in-line-with-expectations-on-pent-up-car-demand
73,https://www.bloomberg.com/news/articles/2023-03-09/average-range-for-us-electric-cars-reached-a-record-291-miles
74,https://www.bloomberg.com/news/newsletters/2023-03-09/elon-musk-s-mockery-of-disabled-worker-adds-to-twitter-s-legal-liabilities
75,https://www.bloomberg.com/news/articles/2023-03-09/intel-s-troubles-run-so-deep-even-bulls-are-wary-tech-watch
76,https://www.bloomberg.com/news/features/2023-03-09/gas-stove-ban-panic-could-fuel-induction-range-growth
77,https://www.bloomberg.com/news/articles/2023-03-09/transcript-zero-episode-30-from-scientist-to-ceo-with-katie-rae
78,https://www.bloomberg.com/news/articles/2023-03-09/china-s-ev-price-war-extends-to-gasoline-cars-as-sales-squeezed
